,0
0,02x6v
1,0u9kr
2,0zy78
3,10wi0
4,19bmr
5,1d8v6
6,1jye7
7,1t3a0
8,24oo1
9,25yce
10,2m2bm
11,2nnjj
12,2puxb
13,2vptm
14,3mz8s
15,497o6
16,4rfic
17,4zpwx
18,590sb
19,5xqef
20,6e87d
21,6fdzg
22,6nzye
23,6sffc
24,6ziq7
25,89jk4
26,8cnav
27,8kf0k
28,8nq32
29,98p1u
30,9byse
31,9et5y
32,9n8a2
33,9qnd4
34,bf05n
35,bpp19
36,btgs5
37,c562q
38,cl746
39,d46yq
40,dbgra
41,dveio
42,ec4my
43,fr80y
44,g7vsh
45,g9iio
46,glywi
47,gm5cd
48,h66nj
49,hl1nv
50,hqqmp
51,huab7
52,hwj0l
53,i5y9g
54,ijem1
55,j5bl0
56,kcec9
57,laupf
58,ld3yg
59,lqha2
60,lu9zm
61,me9oo
62,mevw2
63,mkea7
64,mw4eg
65,nazhy
66,nlbv4
67,ntnxa
68,nydb5
69,o1trj
70,o2iv6
71,o8v77
72,ol480
73,p2vqb
74,pw8xj
75,pwl7i
76,qmgrq
77,qz8t7
78,r7exg
79,rqgcw
80,rtier
81,tdjhl
82,uavma
83,ubvb5
84,unnp0
85,v2537
86,vfg08
87,vnfe9
88,vwa3s
89,w79fa
90,wj4fj
91,wjwzo
92,wwpxq
93,xp4xs
94,xtvi3
95,xvpsf
96,yi3lr
97,yxl0f
98,z53im
99,ztjoi
